PRAGMA defer_foreign_keys=TRUE;
INSERT INTO "clients" ("id","name","email","description","created_at","created_by","disabled_at") VALUES('2f0cee41-e989-41af-bac4-89a6bc497b62','Test','mail@rjoshi.net',NULL,1777566941637,'admin',NULL);
INSERT INTO "clients" ("id","name","email","description","created_at","created_by","disabled_at") VALUES('ff6b0b2a-395b-45d4-b995-939d52e5f216','Rabindra','mail@rjoshi.net',NULL,1777568111048,'admin',NULL);
INSERT INTO "clients" ("id","name","email","description","created_at","created_by","disabled_at") VALUES('05e81c0c-2e75-4dd8-a108-4ff23d3cdb3f','Santosh','santosh@monotype',NULL,1777568410938,'admin',NULL);
INSERT INTO "keys" ("kid","client_id","alg","mode","public_jwk","private_jwk_encrypted","created_at","expires_at","rotated_to_kid","revoked_at") VALUES('5b5598db-4c57-4d66-a937-4fd807ba3078','2f0cee41-e989-41af-bac4-89a6bc497b62','ES256','server_issued','{"kty":"EC","crv":"P-256","x":"YIQ9C_o9XuMQDLmKzJNuY5d-QvJNVhu4Uv1f0nVwwWU","y":"Gh24IwzWKwZJ22Ku5jau5qN8kW4OGxLogNHaYxaKijY"}','{"iv":"7fYHORrlQCP8H+IK","cipher":"bHNPNZ1oI6cWhXP4ck+RDwhZYVrhNWjDMFMfYktDWJP5bnNercL8K2NTW7QHC7pCxK+OEL/P5dM7IgvjMqUFN6Oa3hHBcmuJGmULyZqcF1TcLoDH1ewWXSPK0KYVqt1NdwiET3YAW3a81UKtcKaYSvC55G2cxWl+fTnfPHocs83xW/Zl6RUM1wsL52pY7v68Z795SyB8ZjwYGnPdxhD1pzQzvX5JpjE7J6heiWj2psM4jYWTS49jNPbP14ptDSb5"}',1777566960930,NULL,NULL,NULL);
INSERT INTO "keys" ("kid","client_id","alg","mode","public_jwk","private_jwk_encrypted","created_at","expires_at","rotated_to_kid","revoked_at") VALUES('7f0b7dd5-bfb6-4671-9e64-8322a3088854','ff6b0b2a-395b-45d4-b995-939d52e5f216','ES256','server_issued','{"kty":"EC","crv":"P-256","x":"bJugi1MDxTEsUCmlUc9b6qSp3aKg6K92zOnjJi4vpNE","y":"MZXPsgF7LFr1KrGyM5hI2KL557e0IhpCWu6rHF2FtbY"}','{"iv":"pNMl87CgdDgVsWsA","cipher":"k41F82M8sdft3gydDPWSmCAlLeSRuNnMW36OHueCZraeks3gfFK4k7DVCTwvq9lc0GYeCMtUxsz7aLnLNwa2kxzordY1woPWv37ZwOFlM3HxgiaJHB97s85zPRLHdQz2PPhDf5GVHTs9kfDEK1BbrZEl5poU26pDJMUlAQY7uGrbmEMSMCEcINIXZ3l0MsHMSRveN4OCMXdmPEk/3ecf21JVpZPJXfIRqSSJKSIRIsUfw7bJAAp9qOKDlh3pIMhN"}',1777568124095,NULL,NULL,NULL);
INSERT INTO "keys" ("kid","client_id","alg","mode","public_jwk","private_jwk_encrypted","created_at","expires_at","rotated_to_kid","revoked_at") VALUES('a8cc86a5-dbaa-4701-9111-b5e8f93a549d','05e81c0c-2e75-4dd8-a108-4ff23d3cdb3f','ES256','server_issued','{"kty":"EC","crv":"P-256","x":"6c1Evtg_h2x7gdEDt9JD2HH-ZgheqfpvQftx-8pWUXQ","y":"BNIQ4GvPF_B5t0eLZSkV1x4XGe3Y_dr1XHivdU1czwI"}','{"iv":"8QbPJJGX/01APeRE","cipher":"/8A8o22ocgdklQ/gaCPvmexPSM0bPoUfPulPNnGviwVZ0xSKQDY77wqqybCBveG/O7QfAPR5C/6DSDXlKAJNlE/azHJiZDA4HkFiyra0dad7d/dP/18Qk7q0XUaBAziD4JStFIUT35qfkdWrVBuQWhYO008w7CLURrIDwBjnMi6rB8TPk51oRgSGAS/+iWTiifDAxTqMizGQSRP4+KpP1Cf9e3nQCNAs1LP1/tmTrkNtnf0iRxne8lbPIKfJzD7V"}',1777568463371,NULL,NULL,NULL);
INSERT INTO "routes" ("id","host","path_prefix","upstream_url","preserve_path","preserve_query","preserve_method","forward_body","timeout_ms","created_at","disabled_at") VALUES('992bf0b3-6aa2-4d76-ad44-7ecd222a28d1','santosh-gemma.rjoshi.net','/','https://gemma-api.senselab.dev',1,1,1,1,10000,1777566730085,NULL);
INSERT INTO "route_headers" ("route_id","header_name","header_value") VALUES('992bf0b3-6aa2-4d76-ad44-7ecd222a28d1','CF-Access-Client-Id','46815b8c51dc9f9a19ec5afcf02a4482.access');
INSERT INTO "route_headers" ("route_id","header_name","header_value") VALUES('992bf0b3-6aa2-4d76-ad44-7ecd222a28d1','CF-Access-Client-Secret','00295010b5c56ff38c580fc7a72bfa9b21101616');
INSERT INTO "client_route_grants" ("client_id","route_id","granted_at","granted_by") VALUES('2f0cee41-e989-41af-bac4-89a6bc497b62','992bf0b3-6aa2-4d76-ad44-7ecd222a28d1',1777567071784,'admin');
INSERT INTO "client_route_grants" ("client_id","route_id","granted_at","granted_by") VALUES('ff6b0b2a-395b-45d4-b995-939d52e5f216','992bf0b3-6aa2-4d76-ad44-7ecd222a28d1',1777568164889,'admin');
INSERT INTO "client_route_grants" ("client_id","route_id","granted_at","granted_by") VALUES('05e81c0c-2e75-4dd8-a108-4ff23d3cdb3f','992bf0b3-6aa2-4d76-ad44-7ecd222a28d1',1777568421298,'admin');
INSERT INTO "issued_tokens" ("jti","kid","client_id","issued_at","expires_at","revoked_at","label") VALUES('5b3ce1f8-4ee1-429e-9490-dc5b3c17d01e','5b5598db-4c57-4d66-a937-4fd807ba3078','2f0cee41-e989-41af-bac4-89a6bc497b62',1777566972860,1777653372860,NULL,'Admin Minted');
INSERT INTO "issued_tokens" ("jti","kid","client_id","issued_at","expires_at","revoked_at","label") VALUES('faf8e656-d214-4e87-8e4e-2dfb89618b47','7f0b7dd5-bfb6-4671-9e64-8322a3088854','ff6b0b2a-395b-45d4-b995-939d52e5f216',1777568135858,1777654535858,NULL,'Admin Minted');
INSERT INTO "audit_log" ("id","ts","actor","action","target","meta") VALUES('dd0020e9-4f1a-4038-afe4-7f40ea34b0ce',1777566730277,'admin','CREATE_ROUTE','santosh-gemma.rjoshi.net','{"host":"santosh-gemma.rjoshi.net","path_prefix":"/","upstream_url":"https://gemma-ai.senselab.dev"}');
INSERT INTO "audit_log" ("id","ts","actor","action","target","meta") VALUES('0b376316-3d57-4478-af3f-df3d5d23a0fb',1777566942485,'admin','CREATE_CLIENT','Test','{"name":"Test","email":"mail@rjoshi.net","description":""}');
INSERT INTO "audit_log" ("id","ts","actor","action","target","meta") VALUES('b0b426c3-dee5-4c50-b9ed-416a484e816d',1777566961118,'admin','CREATE_KEY','5b5598db-4c57-4d66-a937-4fd807ba3078','{"client_id":"2f0cee41-e989-41af-bac4-89a6bc497b62","mode":"server_issued"}');
INSERT INTO "audit_log" ("id","ts","actor","action","target","meta") VALUES('f581b1a9-198c-4f50-9248-75d7bac6da3d',1777566973028,'admin','MINT_TOKEN','5b3ce1f8-4ee1-429e-9490-dc5b3c17d01e','{"label":"Admin Minted","client_id":"2f0cee41-e989-41af-bac4-89a6bc497b62","kid":"5b5598db-4c57-4d66-a937-4fd807ba3078"}');
INSERT INTO "audit_log" ("id","ts","actor","action","target","meta") VALUES('c3161527-328d-41cc-963b-2aab6ceefc8c',1777567071957,'admin','CREATE_GRANT','Grant (Client 2f0cee41)','{"client_id":"2f0cee41-e989-41af-bac4-89a6bc497b62","route_id":"992bf0b3-6aa2-4d76-ad44-7ecd222a28d1"}');
INSERT INTO "audit_log" ("id","ts","actor","action","target","meta") VALUES('be9092b6-572a-4b96-9632-00e96904473e',1777568111225,'admin','CREATE_CLIENT','Rabindra','{"name":"Rabindra","email":"mail@rjoshi.net","description":""}');
INSERT INTO "audit_log" ("id","ts","actor","action","target","meta") VALUES('3fad2560-5cb5-4a99-8637-7a4450b8be83',1777568124275,'admin','CREATE_KEY','7f0b7dd5-bfb6-4671-9e64-8322a3088854','{"client_id":"ff6b0b2a-395b-45d4-b995-939d52e5f216","mode":"server_issued"}');
INSERT INTO "audit_log" ("id","ts","actor","action","target","meta") VALUES('bf91df71-84a4-4969-83d4-1e11dd66d9e6',1777568136022,'admin','MINT_TOKEN','faf8e656-d214-4e87-8e4e-2dfb89618b47','{"label":"Admin Minted","client_id":"ff6b0b2a-395b-45d4-b995-939d52e5f216","kid":"7f0b7dd5-bfb6-4671-9e64-8322a3088854"}');
INSERT INTO "audit_log" ("id","ts","actor","action","target","meta") VALUES('b63adb47-791b-4dd3-a5c6-ce8ea19f9ca6',1777568165056,'admin','CREATE_GRANT','Grant (Client ff6b0b2a)','{"client_id":"ff6b0b2a-395b-45d4-b995-939d52e5f216","route_id":"992bf0b3-6aa2-4d76-ad44-7ecd222a28d1"}');
INSERT INTO "audit_log" ("id","ts","actor","action","target","meta") VALUES('04666a08-8e22-4997-bfe7-2c4aa2885694',1777568221681,'admin','UPDATE_ROUTE','santosh-gemma.rjoshi.net','{"host":"santosh-gemma.rjoshi.net","path_prefix":"/","upstream_url":"https://gemma-api.senselab.dev"}');
INSERT INTO "audit_log" ("id","ts","actor","action","target","meta") VALUES('e4d5eb1a-9b15-4f95-a508-e9277f66373a',1777568222393,'admin','ADD_ROUTE_HEADER','Header "CF-Access-Client-Id"','{"header_name":"CF-Access-Client-Id","header_value":"46815b8c51dc9f9a19ec5afcf02a4482.access"}');
INSERT INTO "audit_log" ("id","ts","actor","action","target","meta") VALUES('5b4f6087-4fae-481c-af92-90eca8c52242',1777568222825,'admin','ADD_ROUTE_HEADER','Header "CF-Access-Client-Secret"','{"header_name":"CF-Access-Client-Secret","header_value":"00295010b5c56ff38c580fc7a72bfa9b21101616"}');
INSERT INTO "audit_log" ("id","ts","actor","action","target","meta") VALUES('2e495324-cc99-4c8a-ba79-6b4dd35c98c8',1777568411105,'admin','CREATE_CLIENT','Santosh','{"name":"Santosh","email":"santosh@monotype","description":""}');
INSERT INTO "audit_log" ("id","ts","actor","action","target","meta") VALUES('73b35841-ca17-46d4-8489-8024b3213c0c',1777568421484,'admin','CREATE_GRANT','Grant (Client 05e81c0c)','{"client_id":"05e81c0c-2e75-4dd8-a108-4ff23d3cdb3f","route_id":"992bf0b3-6aa2-4d76-ad44-7ecd222a28d1"}');
INSERT INTO "audit_log" ("id","ts","actor","action","target","meta") VALUES('dacaecd1-a61e-49d6-9502-b54ac21764e4',1777568429028,'admin','CREATE_KEY','e5d37e24-fe1b-4e27-ad49-7efd0d462abc','{"client_id":"05e81c0c-2e75-4dd8-a108-4ff23d3cdb3f","mode":"server_issued"}');
INSERT INTO "audit_log" ("id","ts","actor","action","target","meta") VALUES('fbdcaf01-ba1c-49ef-8ff3-c1ad421aed34',1777568450219,'admin','REVOKE_KEY','e5d37e24-fe1b-4e27-ad49-7efd0d462abc',NULL);
INSERT INTO "audit_log" ("id","ts","actor","action","target","meta") VALUES('afa3d153-7617-4b5e-945c-88694262dcc7',1777568463554,'admin','CREATE_KEY','a8cc86a5-dbaa-4701-9111-b5e8f93a549d','{"client_id":"05e81c0c-2e75-4dd8-a108-4ff23d3cdb3f","mode":"server_issued"}');
